{"cameraMode":{"drawMode":0,"name":"Shaded","section":"Shading Mode"},"sceneLighting":true,"audioPlay":false,"sceneViewState":{"showFog":true,"showMaterialUpdate":false,"showSkybox":true,"showFlares":true,"showImageEffects":true,"showParticleSystems":true},"in2DMode":false,"pivot":{"x":534.7451171875,"y":252.94992065429688,"z":2053.29150390625},"rotation":{"x":-0.021312085911631585,"y":-0.005402511917054653,"z":0.00011633692338364199,"w":-0.9997583031654358},"size":2848.63232421875,"orthographic":false}